ctmmlabel,class,occu,release,count
ac,crop,high,corn,7
ac,crop,low,corn,6698
ac,crop,moderate,corn,3054
ac,edge,high,corn,15
ac,edge,low,corn,20834
ac,edge,moderate,corn,1932
ac,poor,high,corn,0
ac,poor,low,corn,53681
ac,poor,moderate,corn,2172
ac,rich,high,corn,24
ac,rich,low,corn,109202
ac,rich,moderate,corn,17979
ae,crop,high,corn,1
ae,crop,low,corn,16590
ae,crop,moderate,corn,0
ae,edge,low,corn,3642
ae,edge,moderate,corn,0
ae,edge,high,corn,0
ae,rich,low,corn,10194
ae,rich,moderate,corn,0
ae,rich,high,corn,0
ae,poor,moderate,corn,0
ae,poor,high,corn,0
ae,poor,low,corn,0
aq,crop,low,corn,4251
aq,crop,moderate,corn,0
aq,crop,high,corn,0
aq,edge,low,corn,2010
aq,edge,moderate,corn,0
aq,edge,high,corn,0
aq,poor,low,corn,4361
aq,poor,moderate,corn,0
aq,poor,high,corn,0
aq,rich,low,corn,20882
aq,rich,moderate,corn,0
aq,rich,high,corn,0
ar,crop,low,corn,1942
ar,crop,moderate,corn,0
ar,crop,high,corn,0
ar,edge,high,corn,5
ar,edge,low,corn,2376
ar,edge,moderate,corn,25
ar,rich,high,corn,7
ar,rich,low,corn,6786
ar,rich,moderate,corn,34
ar,poor,high,corn,0
ar,poor,low,corn,0
ar,poor,moderate,corn,0
bv,crop,low,corn,42
bv,crop,moderate,corn,0
bv,crop,high,corn,0
bv,edge,low,corn,0
bv,edge,moderate,corn,0
bv,edge,high,corn,0
bv,poor,low,corn,0
bv,poor,moderate,corn,0
bv,poor,high,corn,0
bv,rich,low,corn,0
bv,rich,moderate,corn,0
bv,rich,high,corn,0
bx,crop,low,corn,30957
bx,crop,moderate,corn,2
bx,crop,high,corn,0
bx,edge,low,corn,31957
bx,edge,moderate,corn,0
bx,edge,high,corn,0
bx,poor,low,corn,1816
bx,poor,moderate,corn,0
bx,poor,high,corn,0
bx,rich,low,corn,556041
bx,rich,moderate,corn,3
bx,rich,high,corn,0
ca,crop,high,corn,1
ca,crop,low,corn,1840
ca,crop,moderate,corn,8
ca,edge,high,corn,0
ca,edge,low,corn,1714
ca,edge,moderate,corn,3
ca,poor,low,corn,1123
ca,poor,moderate,corn,0
ca,poor,high,corn,0
ca,rich,high,corn,9
ca,rich,low,corn,9314
ca,rich,moderate,corn,22
cb,crop,high,corn,11
cb,crop,low,corn,14668
cb,crop,moderate,corn,41
cb,rich,high,corn,3
cb,rich,low,corn,59584
cb,rich,moderate,corn,44
cb,edge,high,corn,0
cb,edge,low,corn,0
cb,edge,moderate,corn,0
cb,poor,low,corn,0
cb,poor,moderate,corn,0
cb,poor,high,corn,0
cr,crop,low,corn,431
cr,crop,moderate,corn,2
cr,crop,high,corn,0
cr,edge,high,corn,0
cr,edge,low,corn,0
cr,edge,moderate,corn,0
cr,poor,low,corn,0
cr,poor,moderate,corn,0
cr,poor,high,corn,0
cr,rich,high,corn,0
cr,rich,low,corn,0
cr,rich,moderate,corn,0
cs,crop,low,corn,55
cs,crop,moderate,corn,0
cs,crop,high,corn,0
cs,edge,high,corn,0
cs,edge,low,corn,0
cs,edge,moderate,corn,0
cs,poor,low,corn,0
cs,poor,moderate,corn,0
cs,poor,high,corn,0
cs,rich,high,corn,0
cs,rich,low,corn,0
cs,rich,moderate,corn,0
cz,crop,low,corn,18246
cz,crop,moderate,corn,0
cz,crop,high,corn,0
cz,poor,low,corn,0
cz,poor,moderate,corn,0
cz,poor,high,corn,0
cz,edge,high,corn,0
cz,edge,moderate,corn,0
cz,edge,low,corn,0
cz,rich,low,corn,0
cz,rich,moderate,corn,0
cz,rich,high,corn,0
du,crop,moderate,corn,0
du,crop,high,corn,0
du,crop,low,corn,57
du,edge,low,corn,535
du,edge,moderate,corn,1
du,edge,high,corn,0
du,rich,low,corn,440
du,rich,moderate,corn,0
du,rich,high,corn,0
du,poor,low,corn,0
du,poor,moderate,corn,0
du,poor,high,corn,0
dv,crop,high,corn,0
dv,crop,moderate,corn,0
dv,crop,low,corn,57
dv,edge,low,corn,535
dv,edge,moderate,corn,1
dv,edge,high,corn,0
dv,rich,low,corn,440
dv,rich,moderate,corn,0
dv,rich,high,corn,0
dv,poor,moderate,corn,0
dv,poor,low,corn,0
dv,poor,high,corn,0
dw,crop,moderate,corn,0
dw,crop,high,corn,0
dw,crop,low,corn,3089
dw,edge,low,corn,6521
dw,edge,moderate,corn,0
dw,edge,high,corn,0
dw,poor,low,corn,41329
dw,poor,moderate,corn,0
dw,poor,high,corn,0
dw,rich,low,corn,1561
dw,rich,moderate,corn,0
dw,rich,high,corn,0
dx,crop,high,corn,0
dx,crop,moderate,corn,0
dx,crop,low,corn,3089
dx,edge,low,corn,6521
dx,edge,high,corn,0
dx,edge,moderate,corn,0
dx,poor,low,corn,41329
dx,poor,high,corn,0
dx,poor,moderate,corn,0
dx,rich,low,corn,1561
dx,rich,high,corn,0
dx,rich,moderate,corn,0
eg,crop,high,east,0
eg,crop,low,east,158
eg,crop,moderate,east,2
eg,poor,high,east,2
eg,poor,low,east,86
eg,poor,moderate,east,13
eg,rich,high,east,0
eg,rich,low,east,0
eg,rich,moderate,east,0
eg,edge,low,east,0
eg,edge,moderate,east,0
eg,edge,high,east,0
eh,poor,low,east,3
eh,poor,moderate,east,0
eh,poor,high,east,0
eh,rich,high,east,0
eh,rich,low,east,0
eh,rich,moderate,east,0
eh,edge,low,east,0
eh,edge,moderate,east,0
eh,edge,high,east,0
eh,crop,high,east,0
eh,crop,low,east,0
eh,crop,moderate,east,0
ei,poor,low,east,4
ei,poor,moderate,east,0
ei,poor,high,east,0
ei,rich,high,east,0
ei,rich,low,east,0
ei,rich,moderate,east,0
ei,edge,low,east,0
ei,edge,moderate,east,0
ei,edge,high,east,0
ei,crop,high,east,0
ei,crop,low,east,0
ei,crop,moderate,east,0
ek,crop,moderate,east,0
ek,crop,high,east,0
ek,crop,low,east,141
ek,edge,low,east,302
ek,edge,moderate,east,0
ek,edge,high,east,0
ek,poor,high,east,12
ek,poor,low,east,4699
ek,poor,moderate,east,38
ek,rich,high,east,0
ek,rich,low,east,0
ek,rich,moderate,east,0
fg,crop,moderate,east,0
fg,crop,high,east,0
fg,crop,low,east,116
fg,edge,low,east,73
fg,edge,moderate,east,0
fg,edge,high,east,0
fg,poor,low,east,241
fg,poor,moderate,east,1
fg,poor,high,east,0
fg,rich,high,east,0
fg,rich,low,east,0
fg,rich,moderate,east,0
fk,poor,low,east,4
fk,poor,moderate,east,0
fk,poor,high,east,0
fk,rich,high,east,0
fk,rich,low,east,0
fk,rich,moderate,east,0
fk,crop,high,east,0
fk,crop,low,east,0
fk,crop,moderate,east,0
fk,edge,low,east,0
fk,edge,moderate,east,0
fk,edge,high,east,0
fm,crop,high,east,25
fm,crop,low,east,16415
fm,crop,moderate,east,70
fm,edge,low,east,4401
fm,edge,moderate,east,0
fm,edge,high,east,0
fm,poor,high,east,5
fm,poor,low,east,1575
fm,poor,moderate,east,28
fm,rich,low,east,1924
fm,rich,moderate,east,0
fm,rich,high,east,0
ga,poor,low,east,2
ga,poor,moderate,east,0
ga,poor,high,east,0
ga,rich,low,east,0
ga,rich,moderate,east,0
ga,rich,high,east,0
ga,crop,high,east,0
ga,crop,low,east,0
ga,crop,moderate,east,0
ga,edge,high,east,0
ga,edge,low,east,0
ga,edge,moderate,east,0
gd,poor,low,east,2
gd,poor,moderate,east,0
gd,poor,high,east,0
gd,rich,low,east,0
gd,rich,moderate,east,0
gd,rich,high,east,0
gd,crop,high,east,0
gd,crop,low,east,0
gd,crop,moderate,east,0
gd,edge,high,east,0
gd,edge,low,east,0
gd,edge,moderate,east,0
gh,edge,moderate,east,0
gh,edge,high,east,0
gh,edge,low,east,23
gh,poor,low,east,60
gh,poor,moderate,east,0
gh,poor,high,east,0
gh,rich,low,east,0
gh,rich,moderate,east,0
gh,rich,high,east,0
gh,crop,high,east,0
gh,crop,low,east,0
gh,crop,moderate,east,0
gk,crop,moderate,east,0
gk,crop,high,east,0
gk,crop,low,east,5
gk,edge,low,east,28
gk,edge,moderate,east,0
gk,edge,high,east,0
gk,poor,low,east,0
gk,poor,moderate,east,0
gk,poor,high,east,0
gk,rich,low,east,0
gk,rich,moderate,east,0
gk,rich,high,east,0
gu,crop,moderate,east,0
gu,crop,high,east,0
gu,crop,low,east,5
gu,edge,low,east,28
gu,edge,moderate,east,0
gu,edge,high,east,0
gu,poor,low,east,0
gu,poor,moderate,east,0
gu,poor,high,east,0
gu,rich,low,east,0
gu,rich,moderate,east,0
gu,rich,high,east,0
gv,crop,high,east,0
gv,crop,low,east,261966
gv,crop,moderate,east,2392
gv,edge,low,east,64160
gv,edge,moderate,east,0
gv,edge,high,east,0
gv,poor,low,east,66896
gv,poor,moderate,east,4575
gv,poor,high,east,0
gv,rich,low,east,0
gv,rich,moderate,east,0
gv,rich,high,east,0
hg,crop,high,east,0
hg,crop,low,east,54480
hg,crop,moderate,east,1
hg,edge,low,east,3748
hg,edge,moderate,east,0
hg,edge,high,east,0
hg,poor,low,east,1147
hg,poor,moderate,east,0
hg,poor,high,east,0
hg,rich,high,east,0
hg,rich,low,east,0
hg,rich,moderate,east,0
hj,crop,high,east,0
hj,crop,low,east,54480
hj,crop,moderate,east,1
hj,edge,low,east,3748
hj,edge,moderate,east,0
hj,edge,high,east,0
hj,poor,low,east,1147
hj,poor,moderate,east,0
hj,poor,high,east,0
hj,rich,high,east,0
hj,rich,low,east,0
hj,rich,moderate,east,0
hm,crop,high,east,0
hm,crop,moderate,east,0
hm,crop,low,east,2368
hm,edge,high,east,0
hm,edge,moderate,east,0
hm,edge,low,east,367
hm,poor,low,east,48
hm,poor,high,east,0
hm,poor,moderate,east,0
hm,rich,high,east,0
hm,rich,low,east,0
hm,rich,moderate,east,0
hn,crop,high,east,0
hn,crop,moderate,east,0
hn,crop,low,east,2812
hn,edge,low,east,245
hn,edge,high,east,0
hn,edge,moderate,east,0
hn,poor,low,east,259
hn,poor,high,east,0
hn,poor,moderate,east,0
hn,rich,high,east,0
hn,rich,low,east,0
hn,rich,moderate,east,0
hp,crop,moderate,east,0
hp,crop,high,east,0
hp,crop,low,east,364
hp,edge,low,east,91
hp,edge,moderate,east,0
hp,edge,high,east,0
hp,poor,low,east,56
hp,poor,moderate,east,0
hp,poor,high,east,0
hp,rich,high,east,0
hp,rich,low,east,0
hp,rich,moderate,east,0
az,edge,high,edge,2
az,edge,low,edge,81421
az,edge,moderate,edge,1241
az,poor,low,edge,490101
az,poor,moderate,edge,0
az,poor,high,edge,0
az,rich,low,edge,574445
az,rich,moderate,edge,2431
az,rich,high,edge,0
az,crop,low,edge,0
az,crop,moderate,edge,0
az,crop,high,edge,0
bj,edge,low,edge,1
bj,edge,moderate,edge,0
bj,edge,high,edge,0
bj,rich,low,edge,2
bj,rich,moderate,edge,0
bj,rich,high,edge,0
bj,crop,low,edge,0
bj,crop,moderate,edge,0
bj,crop,high,edge,0
bj,poor,low,edge,0
bj,poor,moderate,edge,0
bj,poor,high,edge,0
bl,crop,low,edge,1827305
bl,crop,moderate,edge,0
bl,crop,high,edge,0
bl,edge,low,edge,453837
bl,edge,moderate,edge,1
bl,edge,high,edge,0
bl,poor,low,edge,254621
bl,poor,moderate,edge,0
bl,poor,high,edge,0
bl,rich,low,edge,7241144
bl,rich,moderate,edge,0
bl,rich,high,edge,0
bm,edge,high,edge,1
bm,edge,low,edge,56
bm,edge,moderate,edge,0
bm,rich,low,edge,42
bm,rich,moderate,edge,0
bm,rich,high,edge,0
bm,poor,low,edge,0
bm,poor,moderate,edge,0
bm,poor,high,edge,0
bm,crop,low,edge,0
bm,crop,moderate,edge,0
bm,crop,high,edge,0
bn,edge,high,edge,11
bn,edge,low,edge,8731
bn,edge,moderate,edge,60
bn,rich,high,edge,1
bn,rich,low,edge,25452
bn,rich,moderate,edge,10
bn,poor,low,edge,0
bn,poor,moderate,edge,0
bn,poor,high,edge,0
bn,crop,low,edge,0
bn,crop,moderate,edge,0
bn,crop,high,edge,0
bp,edge,low,edge,11438
bp,edge,moderate,edge,0
bp,edge,high,edge,0
bp,rich,low,edge,60948
bp,rich,moderate,edge,3
bp,rich,high,edge,0
bp,poor,low,edge,0
bp,poor,moderate,edge,0
bp,poor,high,edge,0
bp,crop,low,edge,0
bp,crop,moderate,edge,0
bp,crop,high,edge,0
bs,edge,high,edge,2
bs,edge,low,edge,183
bs,edge,moderate,edge,7
bs,rich,high,edge,1
bs,rich,low,edge,188
bs,rich,moderate,edge,1
bs,poor,low,edge,0
bs,poor,moderate,edge,0
bs,poor,high,edge,0
bs,crop,low,edge,0
bs,crop,moderate,edge,0
bs,crop,high,edge,0
bt,crop,low,edge,40923
bt,crop,moderate,edge,0
bt,crop,high,edge,0
bt,edge,low,edge,32746
bt,edge,moderate,edge,0
bt,edge,high,edge,0
bt,poor,low,edge,50918
bt,poor,moderate,edge,0
bt,poor,high,edge,0
bt,rich,high,edge,1
bt,rich,low,edge,88695
bt,rich,moderate,edge,1
db,edge,low,edge,2412
db,edge,moderate,edge,4
db,edge,high,edge,0
db,poor,high,edge,1
db,poor,low,edge,3438
db,poor,moderate,edge,1
db,rich,low,edge,23698
db,rich,moderate,edge,3
db,rich,high,edge,0
db,crop,low,edge,0
db,crop,moderate,edge,0
db,crop,high,edge,0
dz,edge,moderate,edge,0
dz,edge,high,edge,0
dz,edge,low,edge,757
dz,rich,low,edge,1533
dz,rich,moderate,edge,0
dz,rich,high,edge,0
dz,poor,moderate,edge,0
dz,poor,low,edge,0
dz,poor,high,edge,0
dz,crop,moderate,edge,0
dz,crop,low,edge,0
dz,crop,high,edge,0
ea,edge,high,edge,0
ea,edge,moderate,edge,0
ea,edge,low,edge,757
ea,rich,low,edge,1479
ea,rich,high,edge,0
ea,rich,moderate,edge,0
ea,poor,moderate,edge,0
ea,poor,low,edge,0
ea,poor,high,edge,0
ea,crop,moderate,edge,0
ea,crop,low,edge,0
ea,crop,high,edge,0
eb,edge,low,edge,1722
eb,edge,moderate,edge,0
eb,edge,high,edge,0
eb,rich,low,edge,0
eb,rich,high,edge,0
eb,rich,moderate,edge,0
eb,poor,moderate,edge,0
eb,poor,low,edge,0
eb,poor,high,edge,0
eb,crop,moderate,edge,0
eb,crop,low,edge,0
eb,crop,high,edge,0
cc,poor,high,grass,5
cc,poor,low,grass,3573
cc,poor,moderate,grass,19
cc,crop,high,grass,0
cc,crop,low,grass,0
cc,crop,moderate,grass,0
cc,rich,high,grass,0
cc,rich,low,grass,0
cc,rich,moderate,grass,0
cc,edge,high,grass,0
cc,edge,low,grass,0
cc,edge,moderate,grass,0
cd,poor,high,grass,1
cd,poor,low,grass,107457
cd,poor,moderate,grass,0
cd,crop,high,grass,0
cd,crop,low,grass,0
cd,crop,moderate,grass,0
cd,rich,high,grass,0
cd,rich,low,grass,0
cd,rich,moderate,grass,0
cd,edge,high,grass,0
cd,edge,low,grass,0
cd,edge,moderate,grass,0
cu,edge,moderate,grass,0
cu,edge,high,grass,0
cu,edge,low,grass,640
cu,poor,low,grass,5557
cu,poor,moderate,grass,0
cu,poor,high,grass,0
cu,crop,low,grass,0
cu,crop,moderate,grass,0
cu,crop,high,grass,0
cu,rich,high,grass,0
cu,rich,low,grass,0
cu,rich,moderate,grass,0
cv,edge,high,grass,1
cv,edge,low,grass,2332
cv,edge,moderate,grass,6
cv,poor,low,grass,5385
cv,poor,moderate,grass,0
cv,poor,high,grass,0
cv,rich,low,grass,18898
cv,rich,moderate,grass,21
cv,rich,high,grass,0
cv,crop,low,grass,0
cv,crop,moderate,grass,0
cv,crop,high,grass,0
cx,edge,high,grass,0
cx,edge,moderate,grass,0
cx,edge,low,grass,625
cx,rich,low,grass,2157
cx,rich,moderate,grass,0
cx,rich,high,grass,0
cx,crop,low,grass,0
cx,crop,moderate,grass,0
cx,crop,high,grass,0
cx,poor,low,grass,0
cx,poor,moderate,grass,0
cx,poor,high,grass,0
dc,edge,low,grass,951
dc,edge,moderate,grass,0
dc,edge,high,grass,0
dc,poor,high,grass,7
dc,poor,low,grass,10828
dc,poor,moderate,grass,36
dc,rich,high,grass,1
dc,rich,low,grass,3458
dc,rich,moderate,grass,11
dc,crop,low,grass,0
dc,crop,moderate,grass,0
dc,crop,high,grass,0
de,poor,low,grass,33043
de,poor,moderate,grass,0
de,poor,high,grass,0
de,rich,high,grass,0
de,rich,low,grass,0
de,rich,moderate,grass,0
de,crop,low,grass,0
de,crop,moderate,grass,0
de,crop,high,grass,0
de,edge,low,grass,0
de,edge,moderate,grass,0
de,edge,high,grass,0
df,edge,low,grass,90
df,edge,moderate,grass,0
df,edge,high,grass,0
df,poor,low,grass,127
df,poor,moderate,grass,0
df,poor,high,grass,0
df,rich,low,grass,780
df,rich,moderate,grass,0
df,rich,high,grass,0
df,crop,low,grass,0
df,crop,moderate,grass,0
df,crop,high,grass,0
di,poor,high,grass,0
di,poor,moderate,grass,0
di,poor,low,grass,46
di,rich,low,grass,128
di,rich,high,grass,0
di,rich,moderate,grass,0
di,crop,low,grass,0
di,crop,moderate,grass,0
di,crop,high,grass,0
di,edge,low,grass,0
di,edge,moderate,grass,0
di,edge,high,grass,0
dj,poor,high,grass,4
dj,poor,low,grass,15628
dj,poor,moderate,grass,6
dj,rich,low,grass,0
dj,rich,high,grass,0
dj,rich,moderate,grass,0
dj,crop,low,grass,0
dj,crop,moderate,grass,0
dj,crop,high,grass,0
dj,edge,low,grass,0
dj,edge,moderate,grass,0
dj,edge,high,grass,0
dk,edge,high,grass,1
dk,edge,moderate,grass,2
dk,edge,low,grass,5833
dk,poor,high,grass,4
dk,poor,low,grass,444701
dk,poor,moderate,grass,24
dk,rich,low,grass,0
dk,rich,high,grass,0
dk,rich,moderate,grass,0
dk,crop,low,grass,0
dk,crop,moderate,grass,0
dk,crop,high,grass,0
dl,poor,high,grass,541
dl,poor,low,grass,223808
dl,poor,moderate,grass,2594
dl,rich,low,grass,0
dl,rich,high,grass,0
dl,rich,moderate,grass,0
dl,crop,low,grass,0
dl,crop,moderate,grass,0
dl,crop,high,grass,0
dl,edge,high,grass,0
dl,edge,moderate,grass,0
dl,edge,low,grass,0
dm,poor,low,grass,71024
dm,poor,high,grass,0
dm,poor,moderate,grass,0
dm,rich,low,grass,0
dm,rich,high,grass,0
dm,rich,moderate,grass,0
dm,crop,low,grass,0
dm,crop,moderate,grass,0
dm,crop,high,grass,0
dm,edge,high,grass,0
dm,edge,moderate,grass,0
dm,edge,low,grass,0
dn,edge,low,grass,55791
dn,edge,high,grass,0
dn,edge,moderate,grass,0
dn,poor,low,grass,104364
dn,poor,high,grass,0
dn,poor,moderate,grass,0
dn,rich,high,grass,11
dn,rich,low,grass,86893
dn,rich,moderate,grass,62
dn,crop,low,grass,0
dn,crop,moderate,grass,0
dn,crop,high,grass,0
dp,edge,low,grass,353
dp,edge,moderate,grass,2
dp,edge,high,grass,0
dp,poor,low,grass,246
dp,poor,moderate,grass,1
dp,poor,high,grass,0
dp,rich,high,grass,5
dp,rich,low,grass,1313
dp,rich,moderate,grass,7
dp,crop,low,grass,0
dp,crop,moderate,grass,0
dp,crop,high,grass,0
dq,edge,low,grass,353
dq,edge,moderate,grass,2
dq,edge,high,grass,0
dq,poor,low,grass,246
dq,poor,moderate,grass,1
dq,poor,high,grass,0
dq,rich,high,grass,5
dq,rich,low,grass,1313
dq,rich,moderate,grass,7
dq,crop,low,grass,0
dq,crop,moderate,grass,0
dq,crop,high,grass,0
dr,poor,low,grass,28
dr,poor,moderate,grass,2
dr,poor,high,grass,0
dr,rich,high,grass,0
dr,rich,low,grass,0
dr,rich,moderate,grass,0
dr,crop,low,grass,0
dr,crop,moderate,grass,0
dr,crop,high,grass,0
dr,edge,low,grass,0
dr,edge,moderate,grass,0
dr,edge,high,grass,0
ds,edge,low,grass,36
ds,edge,moderate,grass,0
ds,edge,high,grass,0
ds,poor,low,grass,26767
ds,poor,moderate,grass,0
ds,poor,high,grass,0
ds,rich,low,grass,17201
ds,rich,moderate,grass,2
ds,rich,high,grass,0
ds,crop,low,grass,0
ds,crop,moderate,grass,0
ds,crop,high,grass,0
ag,crop,low,prairie,1638
ag,crop,moderate,prairie,6
ag,crop,high,prairie,0
ag,edge,low,prairie,132
ag,edge,moderate,prairie,0
ag,edge,high,prairie,0
ag,rich,high,prairie,3
ag,rich,low,prairie,2151
ag,rich,moderate,prairie,30
ag,poor,high,prairie,0
ag,poor,low,prairie,0
ag,poor,moderate,prairie,0
aj,rich,low,prairie,56909
aj,rich,moderate,prairie,2
aj,rich,high,prairie,0
aj,poor,low,prairie,0
aj,poor,moderate,prairie,0
aj,poor,high,prairie,0
aj,crop,low,prairie,0
aj,crop,moderate,prairie,0
aj,crop,high,prairie,0
aj,edge,low,prairie,0
aj,edge,moderate,prairie,0
aj,edge,high,prairie,0
ak,edge,low,prairie,306132
ak,edge,moderate,prairie,3452
ak,edge,high,prairie,0
ak,poor,low,prairie,1186965
ak,poor,moderate,prairie,0
ak,poor,high,prairie,0
ak,rich,high,prairie,55
ak,rich,low,prairie,5000630
ak,rich,moderate,prairie,84711
ak,crop,high,prairie,0
ak,crop,low,prairie,0
ak,crop,moderate,prairie,0
am,crop,low,prairie,7240
am,crop,moderate,prairie,0
am,crop,high,prairie,0
am,edge,low,prairie,80925
am,edge,moderate,prairie,0
am,edge,high,prairie,0
am,poor,low,prairie,407682
am,poor,moderate,prairie,8
am,poor,high,prairie,0
am,rich,high,prairie,3
am,rich,low,prairie,878100
am,rich,moderate,prairie,22
as,edge,low,prairie,91111
as,edge,moderate,prairie,0
as,edge,high,prairie,0
as,poor,low,prairie,202218
as,poor,moderate,prairie,0
as,poor,high,prairie,0
as,rich,high,prairie,1
as,rich,low,prairie,792338
as,rich,moderate,prairie,0
as,crop,high,prairie,0
as,crop,low,prairie,0
as,crop,moderate,prairie,0
av,edge,low,prairie,849
av,edge,moderate,prairie,0
av,edge,high,prairie,0
av,rich,high,prairie,3
av,rich,low,prairie,139918
av,rich,moderate,prairie,6
av,poor,high,prairie,0
av,poor,low,prairie,0
av,poor,moderate,prairie,0
av,crop,high,prairie,0
av,crop,low,prairie,0
av,crop,moderate,prairie,0
aw,rich,low,prairie,188
aw,rich,moderate,prairie,1
aw,rich,high,prairie,0
aw,poor,low,prairie,0
aw,poor,moderate,prairie,0
aw,poor,high,prairie,0
aw,crop,low,prairie,0
aw,crop,moderate,prairie,0
aw,crop,high,prairie,0
aw,edge,low,prairie,0
aw,edge,moderate,prairie,0
aw,edge,high,prairie,0
ce,edge,low,prairie,6153
ce,edge,moderate,prairie,1
ce,edge,high,prairie,0
ce,rich,high,prairie,1
ce,rich,low,prairie,39390
ce,rich,moderate,prairie,3
ce,poor,high,prairie,0
ce,poor,low,prairie,0
ce,poor,moderate,prairie,0
ce,crop,high,prairie,0
ce,crop,low,prairie,0
ce,crop,moderate,prairie,0
cf,edge,moderate,prairie,0
cf,edge,high,prairie,0
cf,edge,low,prairie,15563
cf,poor,high,prairie,5
cf,poor,low,prairie,34330
cf,poor,moderate,prairie,20
cf,rich,high,prairie,4
cf,rich,low,prairie,48205
cf,rich,moderate,prairie,28
cf,crop,high,prairie,0
cf,crop,low,prairie,0
cf,crop,moderate,prairie,0
cg,crop,low,prairie,2
cg,crop,high,prairie,0
cg,crop,moderate,prairie,0
cg,rich,high,prairie,192
cg,rich,low,prairie,9219
cg,rich,moderate,prairie,662
cg,edge,moderate,prairie,0
cg,edge,high,prairie,0
cg,edge,low,prairie,0
cg,poor,high,prairie,0
cg,poor,low,prairie,0
cg,poor,moderate,prairie,0
ci,edge,moderate,prairie,0
ci,edge,high,prairie,0
ci,edge,low,prairie,625
ci,rich,low,prairie,2157
ci,rich,moderate,prairie,0
ci,rich,high,prairie,0
ci,poor,high,prairie,0
ci,poor,low,prairie,0
ci,poor,moderate,prairie,0
ci,crop,low,prairie,0
ci,crop,high,prairie,0
ci,crop,moderate,prairie,0
cj,edge,low,prairie,7861
cj,edge,high,prairie,0
cj,edge,moderate,prairie,0
cj,poor,low,prairie,61540
cj,poor,high,prairie,0
cj,poor,moderate,prairie,0
cj,rich,low,prairie,2350
cj,rich,high,prairie,0
cj,rich,moderate,prairie,0
cj,crop,low,prairie,0
cj,crop,high,prairie,0
cj,crop,moderate,prairie,0
ck,edge,moderate,prairie,0
ck,edge,high,prairie,0
ck,edge,low,prairie,625
ck,rich,low,prairie,2157
ck,rich,moderate,prairie,0
ck,rich,high,prairie,0
ck,crop,low,prairie,0
ck,crop,high,prairie,0
ck,crop,moderate,prairie,0
ck,poor,low,prairie,0
ck,poor,high,prairie,0
ck,poor,moderate,prairie,0
cl,edge,high,prairie,0
cl,edge,low,prairie,26
cl,edge,moderate,prairie,1
cl,rich,low,prairie,54
cl,rich,moderate,prairie,0
cl,rich,high,prairie,0
cl,crop,low,prairie,0
cl,crop,high,prairie,0
cl,crop,moderate,prairie,0
cl,poor,low,prairie,0
cl,poor,high,prairie,0
cl,poor,moderate,prairie,0
cm,edge,high,prairie,0
cm,edge,low,prairie,58322
cm,edge,moderate,prairie,1
cm,poor,low,prairie,18353
cm,poor,moderate,prairie,0
cm,poor,high,prairie,0
cm,rich,high,prairie,7
cm,rich,low,prairie,191073
cm,rich,moderate,prairie,31
cm,crop,low,prairie,0
cm,crop,high,prairie,0
cm,crop,moderate,prairie,0
ed,crop,high,west,1
ed,crop,low,west,2159
ed,crop,moderate,west,10
ed,edge,high,west,5
ed,edge,low,west,2356
ed,edge,moderate,west,14
ed,poor,high,west,2
ed,poor,low,west,460
ed,poor,moderate,west,10
ed,rich,high,west,1
ed,rich,low,west,631
ed,rich,moderate,west,9
ef,crop,high,west,2
ef,crop,low,west,13319
ef,crop,moderate,west,32
ef,edge,low,west,2345
ef,edge,moderate,west,11
ef,edge,high,west,0
ef,poor,high,west,16
ef,poor,low,west,1210
ef,poor,moderate,west,39
ef,rich,high,west,0
ef,rich,low,west,0
ef,rich,moderate,west,0
ep,edge,moderate,west,0
ep,edge,high,west,0
ep,edge,low,west,133
ep,poor,low,west,37
ep,poor,moderate,west,2
ep,poor,high,west,0
ep,rich,low,west,247
ep,rich,moderate,west,2
ep,crop,moderate,west,0
ep,crop,high,west,0
ep,crop,low,west,0
eq,edge,moderate,west,0
eq,edge,high,west,0
eq,edge,low,west,12
eq,poor,low,west,93
eq,poor,moderate,west,3
eq,poor,high,west,0
eq,rich,high,west,0
eq,rich,low,west,0
eq,rich,moderate,west,0
eq,crop,moderate,west,0
eq,crop,high,west,0
eq,crop,low,west,0
fi,crop,high,west,0
fi,crop,low,west,56
fi,crop,moderate,west,1
fi,edge,low,west,63
fi,edge,moderate,west,0
fi,edge,high,west,0
fi,poor,low,west,93
fi,poor,moderate,west,3
fi,poor,high,west,0
fi,rich,low,west,26
fi,rich,moderate,west,1
fi,rich,high,west,0
fj,crop,high,west,0
fj,crop,low,west,2576
fj,crop,moderate,west,3
fj,edge,low,west,129
fj,edge,moderate,west,0
fj,edge,high,west,0
fj,poor,high,west,3
fj,poor,low,west,231
fj,poor,moderate,west,7
fj,rich,high,west,0
fj,rich,low,west,0
fj,rich,moderate,west,0
fq,edge,high,west,0
fq,edge,low,west,11
fq,edge,moderate,west,1
fq,poor,high,west,1
fq,poor,low,west,55
fq,poor,moderate,west,5
fq,crop,high,west,0
fq,crop,low,west,0
fq,crop,moderate,west,0
fq,rich,low,west,0
fq,rich,moderate,west,0
fq,rich,high,west,0
fr,edge,high,west,0
fr,edge,low,west,11
fr,edge,moderate,west,1
fr,poor,high,west,1
fr,poor,low,west,55
fr,poor,moderate,west,5
fr,crop,high,west,0
fr,crop,low,west,0
fr,crop,moderate,west,0
fr,rich,low,west,0
fr,rich,moderate,west,0
fr,rich,high,west,0
ft,edge,high,west,0
ft,edge,low,west,1015
ft,edge,moderate,west,3
ft,poor,high,west,4
ft,poor,low,west,3152
ft,poor,moderate,west,15
ft,rich,low,west,203
ft,rich,moderate,west,2
ft,rich,high,west,0
ft,crop,high,west,0
ft,crop,low,west,0
ft,crop,moderate,west,0
fu,edge,high,west,0
fu,edge,low,west,1015
fu,edge,moderate,west,3
fu,poor,high,west,4
fu,poor,low,west,3152
fu,poor,moderate,west,15
fu,rich,low,west,203
fu,rich,moderate,west,2
fu,rich,high,west,0
fu,crop,high,west,0
fu,crop,low,west,0
fu,crop,moderate,west,0
fv,edge,high,west,2
fv,edge,low,west,93
fv,edge,moderate,west,4
fv,poor,high,west,1
fv,poor,low,west,28
fv,poor,moderate,west,2
fv,rich,low,west,0
fv,rich,moderate,west,0
fv,rich,high,west,0
fv,crop,high,west,0
fv,crop,low,west,0
fv,crop,moderate,west,0
fw,edge,high,west,0
fw,edge,low,west,1015
fw,edge,moderate,west,3
fw,poor,high,west,0
fw,poor,low,west,0
fw,poor,moderate,west,0
fw,rich,low,west,0
fw,rich,moderate,west,0
fw,rich,high,west,0
fw,crop,high,west,0
fw,crop,low,west,0
fw,crop,moderate,west,0
gy,edge,high,west,1
gy,edge,low,west,12
gy,edge,moderate,west,1
gy,poor,low,west,115
gy,poor,moderate,west,0
gy,poor,high,west,0
gy,rich,low,west,0
gy,rich,moderate,west,0
gy,rich,high,west,0
gy,crop,high,west,0
gy,crop,low,west,0
gy,crop,moderate,west,0
gz,crop,moderate,west,0
gz,crop,high,west,0
gz,crop,low,west,15788
gz,edge,low,west,10746
gz,edge,moderate,west,0
gz,edge,high,west,0
gz,poor,low,west,26317
gz,poor,moderate,west,0
gz,poor,high,west,0
gz,rich,low,west,0
gz,rich,moderate,west,0
gz,rich,high,west,0
ha,edge,high,west,1
ha,edge,low,west,1334
ha,edge,moderate,west,8
ha,poor,low,west,869
ha,poor,moderate,west,3
ha,poor,high,west,0
ha,rich,high,west,6
ha,rich,low,west,2487
ha,rich,moderate,west,25
ha,crop,moderate,west,0
ha,crop,high,west,0
ha,crop,low,west,0
hq,edge,high,west,0
hq,edge,low,west,918
hq,edge,moderate,west,6
hq,poor,low,west,163
hq,poor,moderate,west,2
hq,poor,high,west,0
hq,rich,high,west,5
hq,rich,low,west,499
hq,rich,moderate,west,10
hq,crop,moderate,west,0
hq,crop,high,west,0
hq,crop,low,west,0
ht,edge,high,west,0
ht,edge,low,west,918
ht,edge,moderate,west,6
ht,poor,low,west,163
ht,poor,moderate,west,2
ht,poor,high,west,0
ht,rich,high,west,5
ht,rich,low,west,499
ht,rich,moderate,west,10
ht,crop,moderate,west,0
ht,crop,high,west,0
ht,crop,low,west,0
hx,edge,high,west,0
hx,edge,low,west,918
hx,edge,moderate,west,6
hx,poor,low,west,163
hx,poor,moderate,west,2
hx,poor,high,west,0
hx,rich,high,west,5
hx,rich,low,west,499
hx,rich,moderate,west,10
hx,crop,moderate,west,0
hx,crop,high,west,0
hx,crop,low,west,0
